keys,vi,en
"
Gắn nhân vật","
Gắn nhân vật","
Bound"
"
Đang trang bị","
Đang trang bị","
Equipped"
 • %s %d/%d lượt tới mốc bảo đảm, • %s %d/%d lượt tới mốc bảo đảm, • %s %d/%d kills until guaranteed drop
 • +%d XP, • +%d XP, • +%d XP
 • Chưa mở, • Chưa mở, • Locked
 • đang ở, • đang ở, • Current location
%d tu vi • %d HP • %d đá • %d/24 ô,%d tu vi • %d HP • %d đá • %d/24 ô,%d Qi • %d HP • %d Spirit Stones • %d/24 slots
"%s

Nguồn: %s
Số lượng: %d%s%s","%s

Nguồn: %s
Số lượng: %d%s%s","%s

Source: %s
Quantity: %d%s%s"
"%s  •  %s
%s
Lối nối: %s","%s  •  %s
%s
Lối nối: %s","%s  •  %s
%s
Connections: %s"
%s +%d,%s +%d,%s +%d
%s đang mặc,%s đang mặc,%s equipped
%s • %s,%s • %s,%s • %s
%s • Chưa trang bị,%s • Chưa trang bị,%s • Not equipped
%s → %s,%s → %s,%s → %s
%sĐã gây %d sát thương lên %s.,%sĐã gây %d sát thương lên %s.,%sDealt %d damage to %s.
%sĐã hạ %s • %s.,%sĐã hạ %s • %s.,%sDefeated %s • %s.
08:00 • BAN NGÀY,08:00 • BAN NGÀY,08:00 • DAYTIME
1,1,1
100 / 100,100 / 100,100 / 100
2,2,2
24 ô • bản xem thử,24 ô • bản xem thử,24 slots • preview
80%,80%,80%
A blocker is between you and this object,Có vật cản giữa bạn và đối tượng này.,An obstacle is between you and this object.
A previous reward is waiting,Có một phần thưởng đang chờ nhận.,A previous reward is waiting to be claimed.
An toàn • %s,An toàn • %s,Safe • %s
Asset storage busy or unavailable; retry with the same operation ID,Kho vật phẩm đang bận hoặc không khả dụng; hãy thử lại với cùng mã thao tác.,Asset storage is busy or unavailable; retry with the same operation ID.
Attack is recovering,Đòn đánh đang hồi chiêu.,Attack is recovering.
BAN NGÀY,BAN NGÀY,DAYTIME
BAN ĐÊM,BAN ĐÊM,NIGHT
Backend chưa phản hồi. Bật Docker rồi chạy: docker compose up --build -d,Backend chưa phản hồi. Bật Docker rồi chạy: docker compose up --build -d,"The backend did not respond. Start Docker, then run: docker compose up --build -d"
Bound items cannot be discarded,Không thể bỏ vật phẩm nhiệm vụ.,Bound items cannot be discarded.
Bound quest items cannot be traded or crafted,Không thể giao dịch hoặc chế tạo bằng vật phẩm nhiệm vụ.,Bound quest items cannot be traded or crafted.
Buồng Cân Mạch,Buồng Cân Mạch,Meridian Balance Chamber
BÃI SƠN TRƯ,BÃI SƠN TRƯ,BOAR GROUNDS
BÌNH MINH,BÌNH MINH,DAWN
Bài luyện phàm nhân hoàn tất • không có XP hoặc loot lặp.,Bài luyện phàm nhân hoàn tất • không có XP hoặc loot lặp.,Mortal training complete • no repeat XP or loot.
Bàn Tĩnh Tâm,Bàn Tĩnh Tâm,Stillness Shrine
Bán da Sơn Trư — 3 linh thạch,Bán da Sơn Trư — 3 linh thạch,Sell Boar Hide — 3 Spirit Stones
Bãi Sơn Trư,Bãi Sơn Trư,Boar Grounds
Bãi săn • Sơn Trư và Độc Chu,Bãi săn • Sơn Trư và Độc Chu,Hunting grounds • Boars and venom spiders
Bí cảnh instance • boss chương đầu,Bí cảnh instance • boss chương đầu,Instance dungeon • first chapter boss
BẠN ĐÃ KIỆT SỨC • ĐANG HỒI PHỤC,BẠN ĐÃ KIỆT SỨC • ĐANG HỒI PHỤC,YOU ARE EXHAUSTED • RECOVERING
Bạn thua,Bạn thua,You lose
Bạn thắng,Bạn thắng,You win
Bạn đang ở %s.,Bạn đang ở %s.,You are in %s.
Bạn đang ở khu vực này.,Bạn đang ở khu vực này.,You are already in this area.
Bạn đã gục ngã. Sơn Trư sẽ trở lại sau một lát.,Bạn đã gục ngã. Sơn Trư sẽ trở lại sau một lát.,You have fallen. The boar will return shortly.
BẢN XEM THỬ • OFFLINE,BẢN XEM THỬ • OFFLINE,PREVIEW • OFFLINE
BẢN XEM THỬ • OFFLINE • KHÔNG PHẢI DỮ LIỆU TÀI KHOẢN,BẢN XEM THỬ • OFFLINE • KHÔNG PHẢI DỮ LIỆU TÀI KHOẢN,PREVIEW • OFFLINE • NOT ACCOUNT DATA
Bảng trận Nhà Trận,Bảng trận Nhà Trận,Formation Board
Bỏ %d,Bỏ %d,Discard %d
Bỏ %s ×%d? Hành động này không thể hoàn tác.,Bỏ %s ×%d? Hành động này không thể hoàn tác.,Discard %s ×%d? This action cannot be undone.
Bỏ vật phẩm,Bỏ vật phẩm,Discard Item
Bụi linh lực kết tinh.,Bụi linh lực kết tinh.,Crystallized spiritual dust.
CHƯA MỞ KHÓA,CHƯA MỞ KHÓA,LOCKED
CHƯA TẢI ĐƯỢC • %s,CHƯA TẢI ĐƯỢC • %s,COULD NOT LOAD • %s
Cam Lộ,Cam Lộ,Sweetdew Herb
Character data requires review; no assets were changed,Dữ liệu nhân vật cần được kiểm tra; không có vật phẩm nào bị thay đổi.,Character data needs review; no items were changed.
Character storage busy or unavailable; retry,Bộ lưu nhân vật đang bận hoặc không khả dụng; hãy thử lại.,Character storage is busy or unavailable; try again.
Chuẩn bị đấu tập…,Chuẩn bị đấu tập…,Preparing sparring…
Chưa có kỹ năng,Chưa có kỹ năng,No skill available
Chưa có mô tả.,Chưa có mô tả.,No description available.
Chưa có quái trong tầm đánh. Hãy lại gần một Sơn Trư hoặc Độc Chu.,Chưa có quái trong tầm đánh. Hãy lại gần một Sơn Trư hoặc Độc Chu.,No enemies are in range. Move closer to a boar or venom spider.
Chưa có ảnh preview,Chưa có ảnh preview,No preview image
Chưa dùng được,Chưa dùng được,Cannot use yet
Chưa mở khóa,Chưa mở khóa,Locked
Chưa rõ,Chưa rõ,Unknown
Chưa trang bị được • %s,Chưa trang bị được • %s,Could not equip • %s
Chưa xác nhận. Hãy tải lại túi trước khi thử lại.,Chưa xác nhận. Hãy tải lại túi trước khi thử lại.,Not confirmed. Refresh your inventory before trying again.
Chưa đồng bộ được vị trí với máy chủ.,Chưa đồng bộ được vị trí với máy chủ.,Could not sync your position with the server.
"Chặt
Đánh","Chặt
Đánh","Chop
Attack"
Chế tác • chưa mở,Chế tác • chưa mở,Crafting • locked
Chỉ số chiến đấu dùng trong săn Sơn Trư.,Chỉ số chiến đấu dùng trong săn Sơn Trư.,Combat stats used when hunting boars.
Chọn Hồi Nguyên Hoàn trong Túi đồ để hồi tối đa 40 HP.,Chọn Hồi Nguyên Hoàn trong Túi đồ để hồi tối đa 40 HP.,Select a Rejuvenation Pill in your inventory to restore up to 40 HP.
Chọn một kỹ năng,Chọn một kỹ năng,Select a skill
Chọn một vật phẩm,Chọn một vật phẩm,Select an item
Chờ đủ hai người. Cả hai bấm Sẵn sàng.,Chờ đủ hai người. Cả hai bấm Sẵn sàng.,Waiting for two players. Both players must select Ready.
Chức năng chưa mở. Không tiêu hao vật phẩm.,Chức năng chưa mở. Không tiêu hao vật phẩm.,This feature is locked. No items were consumed.
Consumable is not in inventory,Vật phẩm tiêu hao không có trong túi đồ.,This consumable is not in your inventory.
Crop is not ready to harvest,Cây trồng chưa đến lúc thu hoạch.,This crop is not ready to harvest.
Cài đặt,Cài đặt,Settings
Cài đặt lưu trên thiết bị này. Bố cục cảm ứng cũng có thể đổi bằng F9.,Cài đặt lưu trên thiết bị này. Bố cục cảm ứng cũng có thể đổi bằng F9.,Settings are saved on this device. You can also toggle touch controls with F9.
Các vết nứt tập trung quanh chân trụ. Cơ chế đổi dòng linh mạch chưa được nối.,Các vết nứt tập trung quanh chân trụ. Cơ chế đổi dòng linh mạch chưa được nối.,Cracks gather around the pillar's base. The meridian flow switch is not implemented yet.
"Cây đổ xuống, chỉ còn lại gốc.","Cây đổ xuống, chỉ còn lại gốc.","The tree falls, leaving only its stump."
Công kích,Công kích,Attack
Công kích • %d,Công kích • %d,Attack • %d
Công kích • 16,Công kích • 16,Attack • 16
Cảnh giới • %s,Cảnh giới • %s,Realm • %s
Cảnh giới • Phàm nhân,Cảnh giới • Phàm nhân,Realm • Mortal
Cửa Giếng,Cửa Giếng,Well Entrance
Da Sơn Trư,Da Sơn Trư,Boar Hide
Da Sơn Trư ×1,Da Sơn Trư ×1,Boar Hide ×1
Da thú dùng chế tác.,Da thú dùng chế tác.,Animal hide used for crafting.
Discard must identify one inventory slot,Hãy chọn một ô túi đồ để bỏ vật phẩm.,Select one inventory slot to discard.
Dán mã phòng tại đây,Dán mã phòng tại đây,Enter a room code here
Dò Bàn Cân Mạch,Dò Bàn Cân Mạch,Scan the Meridian Balance Table
Dò dấu linh mạch và ghi nhận dấu nước trong nhiệm vụ.,Dò dấu linh mạch và ghi nhận dấu nước trong nhiệm vụ.,Trace meridian paths and record water signs during quests.
Dùng / trang bị,Dùng / trang bị,Use / Equip
Dùng trong Túi đồ để hồi tối đa 40 HP.,Dùng trong Túi đồ để hồi tối đa 40 HP.,Use from your inventory to restore up to 40 HP.
Dùng • +40 HP,Dùng • +40 HP,Use • +40 HP
Dược liệu Cam Lộ,Dược liệu Cam Lộ,Sweetdew Herb
Dược liệu bồi bổ linh khí.,Dược liệu bồi bổ linh khí.,Herb that restores spiritual energy.
Dược liệu thanh tâm.,Dược liệu thanh tâm.,A calming herb.
Dấu móng còn mới. Sơn Trư đang đi lại đâu đó trong Bãi Sơn Trư.,Dấu móng còn mới. Sơn Trư đang đi lại đâu đó trong Bãi Sơn Trư.,The hoofprints are fresh. A boar is roaming somewhere in Boar Grounds.
Dấu vết Sơn Trư,Dấu vết Sơn Trư,Boar Tracks
Dấu vết này khớp với mẫu phía tây.,Dấu vết này khớp với mẫu phía tây.,This trace matches the western sample.
Dẫn khí,Dẫn khí,Qi Channeling
"Dẫn khí thành công: Luyện Khí 1, Tức Mạch Quyết và Phi Nhận đã mở.","Dẫn khí thành công: Luyện Khí 1, Tức Mạch Quyết và Phi Nhận đã mở.","Qi channeling complete: Qi Refining 1, Meridian Breath Art, and Flying Blade unlocked."
Dịch vụ cần kết nối máy chủ để lưu giao dịch và vật phẩm.,Dịch vụ cần kết nối máy chủ để lưu giao dịch và vật phẩm.,Connect to the server to save trades and items.
Dụng cụ dò linh mạch.,Dụng cụ dò linh mạch.,A tool for tracing spiritual meridians.
DỮ LIỆU NHÂN VẬT • ĐÃ ĐỒNG BỘ TỪ MÁY CHỦ,DỮ LIỆU NHÂN VẬT • ĐÃ ĐỒNG BỘ TỪ MÁY CHỦ,CHARACTER DATA • SYNCED FROM SERVER
E,E,E
E / Chạm  •  %s,E / Chạm  •  %s,E / Tap  •  %s
Equip and learn this skill before using it,Hãy học và trang bị kỹ năng này trước khi sử dụng.,Equip and learn this skill before using it.
Equipment instance is not in inventory,Trang bị này không có trong túi đồ.,This equipment is not in your inventory.
Expected operationId and instanceId only,Thiếu mã thao tác hoặc mã vật phẩm trang bị.,Expected an operation ID and item instance.
Expected operationId and itemId only,Thiếu mã thao tác hoặc mã vật phẩm.,Expected an operation ID and item ID.
Expected operationId and skillId only,Thiếu mã thao tác hoặc mã kỹ năng.,Expected an operation ID and skill ID.
Expected targetId and optional skillId only,Thiếu mã mục tiêu hoặc mã kỹ năng.,Expected a target ID and optional skill ID.
"Expected x, y and positive integer seq",Thiếu tọa độ hoặc số thứ tự vị trí hợp lệ.,"Expected x, y, and a positive sequence number."
FX,FX,FX
Farm,Săn quái,Hunt
Ghi chép của người trong làng.,Ghi chép của người trong làng.,A villager's notes.
Gieo Hạt Cam Lộ ở ô 1,Gieo Hạt Cam Lộ ở ô 1,Plant a Sweetdew Seed in plot 1
"Gầm 0,75 giây • khóa hướng
Né ngang rồi phản công
Luyện Khí nhận XP + da","Gầm 0,75 giây • khóa hướng
Né ngang rồi phản công
Luyện Khí nhận XP + da","Roar windup: 0.75 sec • locks direction
Dodge sideways, then counterattack
Qi Refining grants XP + hide"
HOÀNG HÔN,HOÀNG HÔN,DUSK
"Hai khu: Ngoại Vi và Mỏ Cũ. Lối mỏ, vách đá và trụ chuyển dòng là blocker prototype; chưa có quái hoặc điều kiện quest phía server.","Hai khu: Ngoại Vi và Mỏ Cũ. Lối mỏ, vách đá và trụ chuyển dòng là blocker prototype; chưa có quái hoặc điều kiện quest phía server.","Two areas: Outskirts and Old Mine. Mine paths, cliffs, and the flow pillar are prototype blockers; server enemies and quest conditions are not implemented yet."
Health is already full,Sinh lực đã đầy.,Health is already full.
Hiện nút điều khiển cảm ứng,Hiện nút điều khiển cảm ứng,Show touch controls
Hoàn thành nhiệm vụ để mở kỹ năng.,Hoàn thành nhiệm vụ để mở kỹ năng.,Complete a quest to unlock this skill.
Hub an toàn • làng khởi đầu,Hub an toàn • làng khởi đầu,Safe hub • starting village
HÀNH TRÌNH TU LUYỆN BẮT ĐẦU,HÀNH TRÌNH TU LUYỆN BẮT ĐẦU,THE CULTIVATION JOURNEY BEGINS
Hành Lang Rễ,Hành Lang Rễ,Root Corridor
Hãy kết nối tài khoản để lưu bộ kỹ năng.,Hãy kết nối tài khoản để lưu bộ kỹ năng.,Connect an account to save your skill loadout.
Hòa,Hòa,Draw
HƠI THỞ ĐẦU TIÊN,HƠI THỞ ĐẦU TIÊN,FIRST BREATH
Hướng dẫn,Hướng dẫn,Help
Hướng dẫn / trạng thái,Hướng dẫn / trạng thái,Help / Status
Hạt Cam Lộ,Hạt Cam Lộ,Sweetdew Seed
Hạt Tĩnh Tâm,Hạt Tĩnh Tâm,Stillness Seed
Hạt giống Tĩnh Tâm.,Hạt giống Tĩnh Tâm.,Seed of stillness.
Hạt giống linh thảo.,Hạt giống linh thảo.,Herb seed.
Hạt giống Ích Khí.,Hạt giống Ích Khí.,Qi-restoring seed.
Hạt Ích Khí,Hạt Ích Khí,Qi Seed
Hồ sơ,Hồ sơ,Profile
Hồi Nguyên Hoàn,Hồi Nguyên Hoàn,Rejuvenation Pill
Hộ Thân Phù,Hộ Thân Phù,Warding Talisman
Instance: %s,Mã vật phẩm: %s,Item instance: %s
Invalid discard quantity,Số lượng bỏ không hợp lệ.,Invalid discard quantity.
Invalid discard request,Yêu cầu bỏ vật phẩm không hợp lệ.,Invalid discard request.
Invalid reward,Phần thưởng không hợp lệ.,Invalid reward.
Invalid reward quantity,Số lượng phần thưởng không hợp lệ.,Invalid reward quantity.
Inventory full; no assets changed,Túi đồ đã đầy; chưa có gì thay đổi.,Inventory is full; nothing changed.
Inventory full; reward was not claimed,Túi đồ đã đầy; chưa nhận phần thưởng.,Inventory is full; the reward was not claimed.
Item cannot be equipped,Không thể trang bị vật phẩm này.,This item cannot be equipped.
Item is not usable yet,Chưa thể sử dụng vật phẩm này.,This item cannot be used yet.
Item quantity is not in inventory,Số lượng vật phẩm này không có trong túi.,That quantity is not in your inventory.
J / Chạm • Chặt cây,J / Chạm • Chặt cây,J / Tap • Chop tree
J / Chạm • Đánh quái gần nhất,J / Chạm • Đánh quái gần nhất,J / Tap • Attack nearest enemy
J / Q đánh • Space né theo chuột,J / Q đánh • Space né theo chuột,J / Q attack • Space dodge toward cursor
Khám phá • chưa mở,Khám phá • chưa mở,Exploration • locked
Không có mục tiêu nhiệm vụ mới tại điểm này.,Không có mục tiêu nhiệm vụ mới tại điểm này.,No new quest objective here.
Không lưu được cài đặt trên thiết bị này.,Không lưu được cài đặt trên thiết bị này.,Could not save settings on this device.
Không thể bỏ vật phẩm: %s,Không thể bỏ vật phẩm: %s,Could not discard item: %s
Không thể dùng vật phẩm: %s,Không thể dùng vật phẩm: %s,Could not use item: %s
Không tải được túi: %s,Không tải được túi: %s,Could not load inventory: %s
Khảo sát dược liệu,Khảo sát dược liệu,Survey herbs
Khảo sát quặng,Khảo sát quặng,Survey ore
Kiếm,Kiếm,Sword
Kiếm • Chưa trang bị,Kiếm • Chưa trang bị,Sword • Not equipped
Kiểm tra trạm nghỉ,Kiểm tra trạm nghỉ,Inspect rest stop
Kiểm tra điểm chuẩn bị,Kiểm tra điểm chuẩn bị,Inspect preparation point
Kéo cần trái để đi • chạm Đánh / Kỹ năng khi gần quái,Kéo cần trái để đi • chạm Đánh / Kỹ năng khi gần quái,Drag the left stick to move • tap Attack / Skill near enemies
Kết nối,Kết nối,Connect
Kết nối để nhận vật tư,Kết nối để nhận vật tư,Connect to claim supplies
Kết quả đã xác nhận; đang lưu thưởng trên server.,Kết quả đã xác nhận; đang lưu thưởng trên server.,Result confirmed; saving rewards to the server.
"Kết quả đã được lưu.
Rời bãi, dọn túi rồi
nhận thưởng trong Túi đồ.","Kết quả đã được lưu.
Rời bãi, dọn túi rồi
nhận thưởng trong Túi đồ.","Result saved.
Leave the grounds, make room,
then claim your reward in Inventory."
KỸ NĂNG ĐANG TRANG BỊ,KỸ NĂNG ĐANG TRANG BỊ,EQUIPPED SKILL
KỸ NĂNG ĐÃ BIẾT,KỸ NĂNG ĐÃ BIẾT,KNOWN SKILLS
Kỹ năng,Kỹ năng,Skill
Kỹ năng hỗ trợ,Kỹ năng hỗ trợ,Support skill
Kỹ năng sẽ xuất hiện khi nhân vật học được.,Kỹ năng sẽ xuất hiện khi nhân vật học được.,Skills will appear here when learned.
LUYỆN KHÍ • %d,LUYỆN KHÍ • %d,QI REFINING • %d
Learn this skill before equipping it,Hãy học kỹ năng này trước khi trang bị.,Learn this skill before equipping it.
Linh lực • chưa khai mở,Linh lực • chưa khai mở,Qi • not yet awakened
Linh thạch limit reached,Đã đạt giới hạn linh thạch.,Spirit Stone limit reached.
Linh thạch • %d,Linh thạch • %d,Spirit Stones • %d
Linh thạch • 0,Linh thạch • 0,Spirit Stones • 0
Linh thảo dùng trong luyện đan.,Linh thảo dùng trong luyện đan.,Herb used in alchemy.
Luyện Hồi Nguyên Hoàn — 2 Cam Lộ + 1 nước + 2 linh thạch,Luyện Hồi Nguyên Hoàn — 2 Cam Lộ + 1 nước + 2 linh thạch,Brew Rejuvenation Pill — 2 Sweetdew Herbs + 1 Water + 2 Spirit Stones
Luyện Khí • tầng %d,Luyện Khí • tầng %d,Qi Refining • Stage %d
Luyện đan • chưa mở,Luyện đan • chưa mở,Alchemy • locked
Làm mới,Làm mới,Refresh
Làng khởi đầu • an toàn,Làng khởi đầu • an toàn,Starting village • safe
Lò rèn Đỗ Khê,Lò rèn Đỗ Khê,Do Khe Forge
Monster is down; wait for it to respawn,Quái vật đã bị hạ; hãy đợi nó xuất hiện lại.,This monster is down; wait for it to return.
Move closer to the monster before attacking,Hãy đến gần quái vật hơn trước khi tấn công.,Move closer to the monster before attacking.
Move to the matching village service before using it,Hãy đến đúng dịch vụ trong làng để sử dụng vật phẩm này.,Move to the correct village service to use this.
Mua Hạt Cam Lộ — 3 linh thạch,Mua Hạt Cam Lộ — 3 linh thạch,Buy Sweetdew Seed — 3 Spirit Stones
Mua Hồi Nguyên Hoàn — 8 linh thạch,Mua Hồi Nguyên Hoàn — 8 linh thạch,Buy Rejuvenation Pill — 8 Spirit Stones
Mua nước — 1 linh thạch,Mua nước — 1 linh thạch,Buy Water — 1 Spirit Stone
Máy chủ trả về trạng thái chiến đấu không hợp lệ.,Máy chủ trả về trạng thái chiến đấu không hợp lệ.,The server returned an invalid combat state.
Máy chủ trả về vị trí thế giới không hợp lệ.,Máy chủ trả về vị trí thế giới không hợp lệ.,The server returned an invalid world position.
Máy chủ trả về điểm đến không hợp lệ.,Máy chủ trả về điểm đến không hợp lệ.,The server returned an invalid destination.
Máy chủ đã xử lý đòn đánh.,Máy chủ đã xử lý đòn đánh.,The server processed the attack.
Mạch quặng lam,Mạch quặng lam,Blue Ore Vein
Mảnh trận,Mảnh trận,Formation Shard
Mảnh vỡ trận pháp.,Mảnh vỡ trận pháp.,A fragment of a formation.
MẤT KẾT NỐI,MẤT KẾT NỐI,DISCONNECTED
Mất kết nối. Kết nối lại trong 10 giây để tiếp tục phiên thế giới.,Mất kết nối. Kết nối lại trong 10 giây để tiếp tục phiên thế giới.,Connection lost. Reconnect within 10 seconds to continue your world session.
MẪU GIAO DIỆN • không phải túi tài khoản • không lưu,MẪU GIAO DIỆN • không phải túi tài khoản • không lưu,UI PREVIEW • NOT ACCOUNT INVENTORY • NOT SAVED
Mẫu giao diện • không lưu vào tài khoản,Mẫu giao diện • không lưu vào tài khoản,UI preview • not saved to your account
Mẫu nước,Mẫu nước,Water Sample
Mẫu nước cần khảo sát.,Mẫu nước cần khảo sát.,Water sample to be surveyed.
Mẫu • %d / 24 ô,Mẫu • %d / 24 ô,Preview • %d / 24 slots
Mỏ Cũ,Mỏ Cũ,Old Mine
Một nơi yên tĩnh để thực hành dẫn khí sau khi khảo sát xong.,Một nơi yên tĩnh để thực hành dẫn khí sau khi khảo sát xong.,A quiet place to practice qi channeling after the survey.
Một vệt khoáng chất mỏng bám dưới mặt nước.,Một vệt khoáng chất mỏng bám dưới mặt nước.,A thin mineral trace clings beneath the water.
Mở Túi đồ để chọn %s,Mở Túi đồ để chọn %s,Open Inventory to choose %s
Mở Túi đồ để trang bị,Mở Túi đồ để trang bị,Open Inventory to equip
Mở sau nghi thức Hơi Thở Đầu Tiên.,Mở sau nghi thức Hơi Thở Đầu Tiên.,Unlocked after the First Breath ritual.
NHÂN VẬT,NHÂN VẬT,CHARACTER
Ngoại Vi,Ngoại Vi,Outskirts
Nguyên liệu chế tác.,Nguyên liệu chế tác.,Crafting material.
Nguyên liệu luyện chế.,Nguyên liệu luyện chế.,Alchemy ingredient.
Nguyên liệu rèn trang bị.,Nguyên liệu rèn trang bị.,Material for forging equipment.
Ngôn ngữ,Ngôn ngữ,Language
Nhiệm vụ • chưa mở,Nhiệm vụ • chưa mở,Quest • locked
Nhà Trận,Nhà Trận,Formation Hall
Nhân vật [C],Nhân vật [C],Character [C]
Nhận thưởng đang chờ,Nhận thưởng đang chờ,Claim pending reward
Nhận vật tư khởi đầu,Nhận vật tư khởi đầu,Claim starter supplies
Not enough linh thạch,Không đủ linh thạch.,Not enough Spirit Stones.
Not enough linh thạch for crafting,Không đủ linh thạch để chế tạo.,Not enough Spirit Stones to craft this.
Né,Né,Dodge
Nói chuyện,Nói chuyện,Talk
Nước,Nước,Water
Nước tưới linh thảo.,Nước tưới linh thảo.,Water for irrigating spirit herbs.
NẮNG,NẮNG,SUNNY
ONLINE • SERVER XÁC NHẬN,ONLINE • SERVER XÁC NHẬN,ONLINE • SERVER CONFIRMED
ONLINE • ĐẤU TẬP VÀ SĂN QUÁI,ONLINE • ĐẤU TẬP VÀ SĂN QUÁI,ONLINE • SPARRING AND HUNTING
Online,Trực tuyến,Online
Only entityId is accepted,Chỉ chấp nhận mã đối tượng.,Only an entity ID is accepted.
Operation ID already used for another reward,Mã thao tác này đã được dùng cho phần thưởng khác.,This operation ID was already used for another reward.
PHÀM NHÂN,PHÀM NHÂN,MORTAL
Pending settlement requires review,Phần thưởng đang chờ cần được kiểm tra.,Pending reward needs review.
Phi Nhận,Phi Nhận,Flying Blade
Phàm nhân,Phàm nhân,Mortal
Phòng ngự,Phòng ngự,Defense
Phòng ngự • %d,Phòng ngự • %d,Defense • %d
Phòng ngự • 5,Phòng ngự • 5,Defense • 5
"Phóng phi nhận vào mục tiêu gần, tăng 18 sát thương.","Phóng phi nhận vào mục tiêu gần, tăng 18 sát thương.","Launch a flying blade at a nearby target, dealing 18 bonus damage."
Phù hộ thân. Chưa hỗ trợ sử dụng.,Phù hộ thân. Chưa hỗ trợ sử dụng.,Protective talisman. Use is not supported yet.
Phù thoát thân. Chưa hỗ trợ sử dụng.,Phù thoát thân. Chưa hỗ trợ sử dụng.,Escape talisman. Use is not supported yet.
PvE • server xác nhận,PvE • server xác nhận,PvE • server confirmed
Q,Q,Q
"Q / J: đánh • Space: né
HP và vị trí từ server.","Q / J: đánh • Space: né
HP và vị trí từ server.","Q / J: attack • Space: dodge
HP and position are server-synced."
Quan sát Tâm Giếng,Quan sát Tâm Giếng,Inspect the Well Heart
Quan sát hướng gầm • né ngang • phản công lúc Sơn Trư hồi thế.,Quan sát hướng gầm • né ngang • phản công lúc Sơn Trư hồi thế.,Watch the roar direction • dodge sideways • counter while the boar recovers.
Quan sát trận pháp,Quan sát trận pháp,Inspect the formation
Quái vật,Quái vật,Monster
R,R,R
Reward source already claimed,Phần thưởng này đã được nhận.,This reward has already been claimed.
Rèn Thanh Thiết Kiếm — 6 quặng + 2 trúc + 8 linh thạch,Rèn Thanh Thiết Kiếm — 6 quặng + 2 trúc + 8 linh thạch,Forge Iron Sword — 6 Iron Ore + 2 Bamboo + 8 Spirit Stones
Rìu trúng thân cây. Còn %d nhát.,Rìu trúng thân cây. Còn %d nhát.,The axe strikes the tree. %d hit(s) remaining.
Rời bãi,Rời bãi,Leave grounds
Rời trận,Rời trận,Leave match
Rừng Trúc Sâu,Rừng Trúc Sâu,Deep Bamboo Grove
Sinh lực • %d / 100,Sinh lực • %d / 100,Health • %d / 100
Sinh lực • 100 / 100,Sinh lực • 100 / 100,Health • 100 / 100
Skill cannot be equipped in the active slot,Không thể trang bị kỹ năng này vào ô chủ động.,This skill cannot be equipped in the active slot.
Skill cannot be used in the active slot,Không thể dùng kỹ năng này trong ô chủ động.,This skill cannot be used in the active slot.
Space,Space,Space
Space: né trong đấu tập online,Space: né trong đấu tập online,Space: dodge in online sparring
Sân làng,Sân làng,Village Square
Sơn Trư,Sơn Trư,Boar
Sơn Trư • chưa mở,Sơn Trư • chưa mở,Boar • locked
"Sơn Trư: da/kiếm
Độc Chu: tơ/áo
J / Chạm: đánh.","Sơn Trư: da/kiếm
Độc Chu: tơ/áo
J / Chạm: đánh.","Boar: hide/sword
Venom spider: silk/robe
J / Tap: attack."
Sẵn sàng,Sẵn sàng,Ready
Sổ ghi chép,Sổ ghi chép,Ledger
THÁM HIỂM,THÁM HIỂM,EXPLORATION
THƯỞNG ĐANG CHỜ • Da Sơn Trư ×%d • %d tu vi • bỏ bớt vật tư rồi nhận,THƯỞNG ĐANG CHỜ • Da Sơn Trư ×%d • %d tu vi • bỏ bớt vật tư rồi nhận,REWARD PENDING • Boar Hide ×%d • %d Qi • free a slot to claim
THƯỞNG ĐANG CHỜ • TÚI ĐẦY,THƯỞNG ĐANG CHỜ • TÚI ĐẦY,REWARD PENDING • INVENTORY FULL
TRANG BỊ ĐANG MẶC,TRANG BỊ ĐANG MẶC,EQUIPPED GEAR
TRỜI QUANG,TRỜI QUANG,CLEAR
TU SĨ,TU SĨ,CULTIVATOR
Thanh Thiết Kiếm,Thanh Thiết Kiếm,Iron Sword
This item is not available at the shop,Cửa hàng không có vật phẩm này.,This item is not available in the shop.
This plot is occupied,Ô đất này đang được sử dụng.,This garden plot is occupied.
This resource node is not harvestable,Không thể thu thập tài nguyên này.,This resource node cannot be harvested.
This resource node needs time to recover,Nút tài nguyên cần thời gian để hồi phục.,This resource node needs time to recover.
Thiết quặng,Thiết quặng,Iron Ore
Thoát Thân Phù,Thoát Thân Phù,Escape Talisman
Thu hoạch ô 1 nếu đã chín,Thu hoạch ô 1 nếu đã chín,Harvest plot 1 when ready
Tháo trang bị,Tháo trang bị,Unequip
Thân trúc dùng chế tác.,Thân trúc dùng chế tác.,Bamboo stalk used for crafting.
Thông tin vật phẩm và nguồn thu thập.,Thông tin vật phẩm và nguồn thu thập.,Item details and source.
Tiêu hao,Tiêu hao,Consumables
Tiếng Việt,Tiếng Việt,Vietnamese
Toàn màn hình,Toàn màn hình,Fullscreen
Trang bị,Trang bị,Equip
Trang bị trong Túi đồ để tăng 15 điểm thủ.,Trang bị trong Túi đồ để tăng 15 điểm thủ.,Equip from Inventory to gain 15 defense.
Trúc,Trúc,Bamboo
Trạm nghỉ Ngoại Vi,Trạm nghỉ Ngoại Vi,Outskirts Rest Stop
Trạm nghỉ đã được khảo sát trong phiên thử. Checkpoint chưa được lưu trên máy chủ.,Trạm nghỉ đã được khảo sát trong phiên thử. Checkpoint chưa được lưu trên máy chủ.,The rest stop was surveyed in this preview. The checkpoint is not saved on the server.
Trận đấu bắt đầu.,Trận đấu bắt đầu.,The match has started.
Trụ chuyển dòng,Trụ chuyển dòng,Flow Pillar
Tu Tien — Prototype,Tiên Đạo — Bản thử nghiệm,Tu Tien — Prototype
Tu sĩ,Tu sĩ,Cultivator
Tu vi • %d / %d XP,Tu vi • %d / %d XP,Qi • %d / %d XP
Tu vi • 0 / 100 XP,Tu vi • 0 / 100 XP,Qi • 0 / 100 XP
Tu vi • đã đạt cảnh giới cao nhất,Tu vi • đã đạt cảnh giới cao nhất,Qi • maximum realm reached
TÚI TÀI KHOẢN • dữ liệu được xác nhận bởi server,TÚI TÀI KHOẢN • dữ liệu được xác nhận bởi server,ACCOUNT INVENTORY • SERVER CONFIRMED
TÚI ĐỒ,TÚI ĐỒ,INVENTORY
Tâm Giếng,Tâm Giếng,Well Heart
Túi [I],Túi [I],Inventory [I]
Túi còn đầy hoặc mạng chưa ổn. Thưởng vẫn được giữ; dọn một ô rồi thử lại.,Túi còn đầy hoặc mạng chưa ổn. Thưởng vẫn được giữ; dọn một ô rồi thử lại.,Inventory is full or the connection is unstable. Your reward is safe; free a slot and try again.
Túi đầy. Phần thưởng vẫn được giữ để nhận sau khi dọn túi.,Túi đầy. Phần thưởng vẫn được giữ để nhận sau khi dọn túi.,Inventory is full. Your reward is safe until you make room.
Túi đồ bị khóa trong trận online.,Túi đồ bị khóa trong trận online.,Inventory is locked during online matches.
Tĩnh Tâm,Tĩnh Tâm,Stillness Herb
Tơ nhện,Tơ nhện,Spider Silk
Tạo phòng,Tạo phòng,Create Room
Tải lại,Tải lại,Reload
Tất cả,Tất cả,All
Unequip before discarding,Hãy tháo trang bị trước khi bỏ vật phẩm.,Unequip this item before discarding it.
Unknown item: %s,Không tìm thấy vật phẩm: %s,Unknown item: %s
VÕ ĐÀI,VÕ ĐÀI,ARENA
Vào,Vào,Join
Vườn sáu ô,Vườn sáu ô,Six-Plot Garden
Vườn sáu ô: khu trồng dược liệu cá nhân. Trồng và thu hoạch chưa kết nối.,Vườn sáu ô: khu trồng dược liệu cá nhân. Trồng và thu hoạch chưa kết nối.,Six-Plot Garden: your personal herb patch. Planting and harvesting are not connected yet.
Vật liệu,Vật liệu,Materials
Vật tư khởi đầu,Vật tư khởi đầu,Starter supplies
Vị trí đã đồng bộ lại với máy chủ.,Vị trí đã đồng bộ lại với máy chủ.,Position synced with the server.
World combat is busy; retry,Trận chiến đang bận; hãy thử lại.,Combat is busy; try again.
World position is busy; retry,Vị trí thế giới đang được cập nhật; hãy thử lại.,World position is busy; try again.
World position requires review,Vị trí thế giới cần được kiểm tra.,World position needs review.
World session is busy; retry,Phiên thế giới đang bận; hãy thử lại.,World session is busy; try again.
X,X,X
Xem dấu vết,Xem dấu vết,Inspect the tracks
Xem lò rèn,Xem lò rèn,View forge
Xem sạp chợ,Xem sạp chợ,View market stall
Xem tin làng,Xem tin làng,Read village notice
Xem vườn,Xem vườn,View garden
Xác nhận bỏ vật phẩm,Xác nhận bỏ vật phẩm,Confirm Item Discard
Y Phục Tơ Độc,Y Phục Tơ Độc,Venom Silk Robe
chưa nối,chưa nối,not connected
không có loot thêm,không có loot thêm,no extra loot
lối nối,lối nối,connection
nhận vật phẩm săn,nhận vật phẩm săn,received hunting loot
rơi %s (bảo đảm) và vật phẩm săn,rơi %s (bảo đảm) và vật phẩm săn,dropped %s (guaranteed) and hunting loot
rơi %s và vật phẩm săn,rơi %s và vật phẩm săn,dropped %s and hunting loot
Áo,Áo,Armor
Áo vải,Áo vải,Cloth Armor
Áo • Chưa trang bị,Áo • Chưa trang bị,Armor • Not equipped
Âm lượng tổng,Âm lượng tổng,Master volume
Ích Khí,Ích Khí,Qi Boost
Ích Khí Tán,Ích Khí Tán,Qi Tonic
Ô này chưa có vật phẩm.,Ô này chưa có vật phẩm.,This slot is empty.
Ô trang bị vũ khí,Ô trang bị vũ khí,Weapon slot
Ô trống,Ô trống,Empty slot
Ô vật phẩm thứ hai chưa được gán.,Ô vật phẩm thứ hai chưa được gán.,The second item slot is unassigned.
ĐANG CHỜ SERVER • chưa xác nhận,ĐANG CHỜ SERVER • chưa xác nhận,WAITING FOR SERVER • not confirmed
ĐANG LƯU VÀ GHI NHẬN THƯỞNG…,ĐANG LƯU VÀ GHI NHẬN THƯỞNG…,SAVING AND RECORDING REWARDS…
ĐANG TẢI HỒ SƠ TỪ MÁY CHỦ…,ĐANG TẢI HỒ SƠ TỪ MÁY CHỦ…,LOADING CHARACTER DATA FROM SERVER…
Đan dược linh lực. Chưa hỗ trợ sử dụng.,Đan dược linh lực. Chưa hỗ trợ sử dụng.,Qi elixir. Use is not supported yet.
Đang kết nối backend…,Đang kết nối backend…,Connecting to backend…
Đang lưu bộ kỹ năng lên máy chủ…,Đang lưu bộ kỹ năng lên máy chủ…,Saving skill loadout to server…
Đang nhận thưởng…,Đang nhận thưởng…,Claiming reward…
Đang tải túi từ server…,Đang tải túi từ server…,Loading inventory from server…
Đang xác nhận vật tư…,Đang xác nhận vật tư…,Confirming supplies…
Đang ở đây,Đang ở đây,Current location
Điểm chuẩn bị Cửa Giếng,Điểm chuẩn bị Cửa Giếng,Well Entrance Preparation Point
ĐÃ HỌC,ĐÃ HỌC,LEARNED
Đánh,Đánh,Attack
Đánh quái sẽ tự kết nối để lưu XP và vật phẩm. Loot được gửi thẳng vào Túi đồ.,Đánh quái sẽ tự kết nối để lưu XP và vật phẩm. Loot được gửi thẳng vào Túi đồ.,Attacking enemies connects automatically to save XP and loot. Drops go straight to Inventory.
Đã bỏ vật phẩm.,Đã bỏ vật phẩm.,Item discarded.
Đã cập nhật trang bị hoặc hồi phục trên server.,Đã cập nhật trang bị hoặc hồi phục trên server.,Equipment or healing updated on the server.
Đã cập nhật túi đồ và linh thạch.,Đã cập nhật túi đồ và linh thạch.,Inventory and Spirit Stones updated.
Đã nhận %d tu vi và %s.,Đã nhận %d tu vi và %s.,Received %d Qi and %s.
Đã nhận XP và vật phẩm đúng một lần.,Đã nhận XP và vật phẩm đúng một lần.,XP and items received once.
Đã nhận vật tư,Đã nhận vật tư,Supplies received
Đã thu thập tài nguyên. Nút sẽ hồi lại sau một phút.,Đã thu thập tài nguyên. Nút sẽ hồi lại sau một phút.,Resource gathered. This node will recover in one minute.
Đã đồng bộ vị trí. Hãy tới gần Sơn Trư hoặc Độc Chu rồi đánh.,Đã đồng bộ vị trí. Hãy tới gần Sơn Trư hoặc Độc Chu rồi đánh.,Position synced. Move close to a boar or venom spider and attack.
Đăng nhập được một phần nhưng máy chủ chưa hoàn tất kết nối. Nhấn Kết nối để thử lại.,Đăng nhập được một phần nhưng máy chủ chưa hoàn tất kết nối. Nhấn Kết nối để thử lại.,"Partially signed in, but the server connection is incomplete. Press Connect to try again."
ĐẤU TẬP,ĐẤU TẬP,SPARRING
Đấu tập • không mất đồ,Đấu tập • không mất đồ,Sparring • no item loss
Đến gần Sơn Trư hoặc Độc Chu rồi nhấn J để đánh.,Đến gần Sơn Trư hoặc Độc Chu rồi nhấn J để đánh.,"Move close to a boar or venom spider, then press J to attack."
Đến gần Sơn Trư hoặc Độc Chu rồi nhấn R hoặc chạm Kỹ năng.,Đến gần Sơn Trư hoặc Độc Chu rồi nhấn R hoặc chạm Kỹ năng.,"Move close to a boar or venom spider, then press R or tap Skill."
"Đến sát một cây, quay mặt về phía cây rồi nhấn J để chặt.","Đến sát một cây, quay mặt về phía cây rồi nhấn J để chặt.","Move next to a tree, face it, then press J to chop."
ĐỌC CÚ LAO,ĐỌC CÚ LAO,READ THE CHARGE
Đọc trụ chuyển dòng,Đọc trụ chuyển dòng,Read the Flow Pillar
Độc Chu,Độc Chu,Venom Spider
Độc Chu • chưa mở,Độc Chu • chưa mở,Venom Spider • locked
Độc dịch,Độc dịch,Venom
Đột phá đầu tiên • %d / 100 XP,Đột phá đầu tiên • %d / 100 XP,First breakthrough • %d / 100 XP
Cannot start request,Không thể bắt đầu yêu cầu.,Cannot start request.
Connection failed or timed out,Kết nối thất bại hoặc quá thời gian chờ.,Connection failed or timed out.
Request rejected,Yêu cầu bị từ chối.,Request rejected.
Invalid server response,Phản hồi từ máy chủ không hợp lệ.,Invalid server response.
An authentication request is already running,Đang có một yêu cầu xác thực khác.,An authentication request is already running.
Session cannot be refreshed now,Chưa thể làm mới phiên đăng nhập.,Session cannot be refreshed now.
Login required,Vui lòng đăng nhập.,Login required.
Invalid RPC response,Phản hồi RPC không hợp lệ.,Invalid RPC response.
Cannot start socket,Không thể mở kết nối thời gian thực.,Cannot start the real-time connection.
Socket connection failed or timed out,Kết nối thời gian thực thất bại hoặc quá thời gian chờ.,Real-time connection failed or timed out.
Invalid channel type,Loại kênh không hợp lệ.,Invalid channel type.
Socket is not connected,Chưa kết nối thời gian thực.,Real-time connection is not connected.
Cannot send socket request,Không thể gửi yêu cầu thời gian thực.,Cannot send the real-time request.
Socket request interrupted or timed out,Yêu cầu thời gian thực bị gián đoạn hoặc quá thời gian chờ.,The real-time request was interrupted or timed out.
Socket request rejected,Yêu cầu thời gian thực bị từ chối.,The real-time request was rejected.
Leave the current match first,Hãy rời trận hiện tại trước.,Leave the current match first.
Leave the current encounter first,Hãy rời trận săn hiện tại trước.,Leave the current encounter first.
No encounter to resume,Không có trận săn nào để tiếp tục.,There is no encounter to resume.
Already joining or in another match,Đang vào trận hoặc đã ở trong một trận khác.,Already joining or in another match.
Authentication required,Vui lòng xác thực tài khoản.,Authentication required.
Payload too large,Dữ liệu gửi lên quá lớn.,Payload is too large.
Invalid JSON,Dữ liệu JSON không hợp lệ.,Invalid JSON.
Expected JSON object,Máy chủ cần một đối tượng JSON.,A JSON object was expected.
Credentials required,Vui lòng nhập thông tin tài khoản.,Account credentials are required.
Password required,Vui lòng nhập mật khẩu.,Password is required.
Password: at least 10 characters and at most 72 UTF-8 bytes,Mật khẩu cần có ít nhất 10 ký tự và tối đa 72 byte UTF-8.,Password must have at least 10 characters and at most 72 UTF-8 bytes.
Email must be valid and contain 10–254 UTF-8 bytes,Email không hợp lệ hoặc không nằm trong giới hạn 10–254 byte UTF-8.,Email must be valid and contain 10–254 UTF-8 bytes.
Guest login is disabled,Đăng nhập khách đang bị tắt.,Guest login is disabled.
Too many requests; try again later,Bạn gửi quá nhiều yêu cầu; hãy thử lại sau.,Too many requests; try again later.
Request counter busy; retry shortly,Bộ đếm yêu cầu đang bận; hãy thử lại sau.,The request counter is busy; retry shortly.
Asset limit reached,Đã đạt giới hạn vật phẩm.,Asset limit reached.
Invalid operation or source ID,Mã thao tác hoặc mã nguồn không hợp lệ.,The operation or source ID is invalid.
Only operationId is accepted,Chỉ chấp nhận trường operationId.,Only operationId is accepted.
Invalid encounter result,Kết quả trận săn không hợp lệ.,The encounter result is invalid.
Encounter result conflicts with saved outcome,Kết quả trận săn không khớp với dữ liệu đã lưu.,The encounter result conflicts with the saved outcome.
Saved encounter result requires review,Kết quả trận săn đã lưu cần được kiểm tra.,The saved encounter result requires review.
Encounter result could not be saved; retrying,Không lưu được kết quả trận săn; hãy thử lại.,The encounter result could not be saved; retry.
Reward committed; settlement will reconcile on retry,Phần thưởng đã được ghi nhận; hãy thử lại để đồng bộ.,The reward was committed; retry to reconcile it.
Invalid operation ID,Mã thao tác không hợp lệ.,The operation ID is invalid.
Operation ID used for another inventory change,Mã thao tác này đã dùng cho một thay đổi túi đồ khác.,This operation ID was used for another inventory change.
Asset revision limit reached,Đã đạt giới hạn phiên bản dữ liệu vật phẩm.,The asset revision limit has been reached.
Inventory storage unavailable; retry with the same operation ID,Túi đồ tạm thời chưa khả dụng; hãy thử lại với cùng mã thao tác.,Inventory storage is unavailable; retry with the same operation ID.
Invalid item quantity,Số lượng vật phẩm không hợp lệ.,The item quantity is invalid.
Not enough %s,Không đủ %s.,Not enough %s.
Invalid economy request,Yêu cầu giao dịch không hợp lệ.,The economy request is invalid.
Quantity must be 1–10,Số lượng phải từ 1 đến 10.,Quantity must be between 1 and 10.
Unknown recipe,Công thức không tồn tại.,Unknown recipe.
"Action must be buy, sell or craft","Thao tác phải là mua, bán hoặc chế tạo.","Action must be buy, sell, or craft."
Invalid garden request,Yêu cầu làm vườn không hợp lệ.,The garden request is invalid.
Unknown crop,Loại cây trồng không tồn tại.,Unknown crop.
Garden state requires review,Trạng thái khu vườn cần được kiểm tra.,The garden state requires review.
Garden plot requires review,Luống cây cần được kiểm tra.,The garden plot requires review.
Crop requires review,Cây trồng cần được kiểm tra.,The crop requires review.
Action must be plant or harvest,Thao tác phải là gieo trồng hoặc thu hoạch.,Action must be planting or harvesting.
Invalid checkpoint health,Chỉ số sinh lực lưu lại không hợp lệ.,The saved health value is invalid.
Checkpoint health storage unavailable; retry,Không lưu được sinh lực; hãy thử lại.,Checkpoint health storage is unavailable; retry.
No reward fields are accepted,Không chấp nhận dữ liệu phần thưởng do máy khách gửi.,Client supplied reward fields are not accepted.
Quest progress requires review,Tiến độ nhiệm vụ cần được kiểm tra.,Quest progress requires review.
Opening quest requires a mortal character,Nhiệm vụ mở đầu chỉ dành cho nhân vật Phàm Nhân.,The opening quest requires a mortal character.
Character revision limit reached,Đã đạt giới hạn phiên bản dữ liệu nhân vật.,The character revision limit has been reached.
Sparring consent required,Cần xác nhận trước khi tạo trận đấu tập.,Consent is required before creating a sparring match.
PvE consent required; no client reward fields are accepted,Cần xác nhận trước khi vào trận PvE; phần thưởng do máy chủ quyết định.,Consent is required before starting PvE; rewards are controlled by the server.
Claim the pending reward before another hunt,Hãy nhận phần thưởng đang chờ trước khi đi săn tiếp.,Claim the pending reward before starting another hunt.
Encounter is being prepared; retry shortly,Trận săn đang được chuẩn bị; hãy thử lại sau ít phút.,The encounter is being prepared; retry shortly.
Sơn Trư respawns in %d seconds,Sơn Trư hồi sinh sau %d giây.,Sơn Trư respawns in %d seconds.
Another encounter is already active; retry,Một trận săn khác đang diễn ra; hãy thử lại.,Another encounter is already active; retry.
Encounter could not be started; retry,Không thể bắt đầu trận săn; hãy thử lại.,The encounter could not be started; retry.
Encounter started; retry to resume it,Trận săn đã bắt đầu; hãy thử lại để tiếp tục.,The encounter has started; retry to resume it.
Kết nối thất bại: %s,Kết nối thất bại: %s,Connection failed: %s
Lối núi,Lối núi,Mountain pass
Cửa mỏ,Cửa mỏ,Mine entrance
Giảm phần trăm để thấy rộng hơn; HUD và chữ giao diện giữ nguyên kích thước.,Giảm phần trăm để thấy rộng hơn; HUD và chữ giao diện giữ nguyên kích thước.,Lower the percentage to see more of the world; HUD and interface text keep their size.
Giảm % để thấy rộng hơn; HUD và chữ giữ nguyên. F9 đổi bố cục cảm ứng.,Giảm % để thấy rộng hơn; HUD và chữ giữ nguyên. F9 đổi bố cục cảm ứng.,Lower % to see more. HUD and text keep their size. Press F9 to toggle touch controls.
Khu vực: %s,Khu vực: %s,Area: %s
Khu vực hiện tại,Khu vực hiện tại,Current area
"Vị trí: (%d, %d)","Vị trí: (%d, %d)","Position: (%d, %d)"
Chọn điểm quan tâm để xem thông tin.,Chọn điểm quan tâm để xem thông tin.,Select a point of interest to view details.
Khu vực chưa có điểm quan tâm.,Khu vực chưa có điểm quan tâm.,No points of interest in this area.
Điểm quan tâm,Điểm quan tâm,Point of interest
"Điểm: (%d, %d)","Điểm: (%d, %d)","Point: (%d, %d)"
Vàng: cổng • Xanh: thu thập • Cam: điểm quan tâm • Sáng: bạn,Vàng: cổng • Xanh: thu thập • Cam: điểm quan tâm • Sáng: bạn,Gold: gates • Green: gather points • Orange: points of interest • Light: you
Thu nhỏ,Thu nhỏ,Zoom out
Phóng lớn,Phóng lớn,Zoom in
Vừa khung,Vừa khung,Fit
Tuyến [M],Tuyến [M],Routes [M]
"Vị trí: (0, 0)","Vị trí: (0, 0)","Position: (0, 0)"
−,−,−
×1.0,×1.0,×1.0
+,+,+
TU TIÊN,TU TIÊN,CULTIVATION
Hành trình của bạn bắt đầu từ đây.,Hành trình của bạn bắt đầu từ đây.,Your journey starts here.
Đăng nhập để tiếp tục hành trình trên PC và mobile.,Đăng nhập để tiếp tục hành trình trên PC và mobile.,Sign in to continue your journey on PC and mobile.
Tài khoản chơi thử sẽ lưu tiến trình trên thiết bị này. Bạn có thể liên kết email sau.,Tài khoản chơi thử sẽ lưu tiến trình trên thiết bị này. Bạn có thể liên kết email sau.,A guest account saves progress on this device. You can link an email later.
Đăng nhập,Đăng nhập,Sign in
Tạo tài khoản,Tạo tài khoản,Create account
Chơi thử,Chơi thử,Play as guest
ĐĂNG NHẬP,ĐĂNG NHẬP,SIGN IN
Dùng email hoặc tên người chơi cùng mật khẩu.,Dùng email hoặc tên người chơi cùng mật khẩu.,Use your email or player name and password.
Email hoặc tên người chơi,Email hoặc tên người chơi,Email or player name
Mật khẩu,Mật khẩu,Password
Hiện mật khẩu,Hiện mật khẩu,Show password
Quay lại,Quay lại,Back
TẠO TÀI KHOẢN,TẠO TÀI KHOẢN,CREATE ACCOUNT
Dùng cùng một tài khoản để chơi trên PC và mobile.,Dùng cùng một tài khoản để chơi trên PC và mobile.,Use one account to play on PC and mobile.
"Tên người chơi • 3–20 chữ, số hoặc _","Tên người chơi • 3–20 chữ, số hoặc _","Player name • 3–20 letters, numbers or _"
Email,Email,Email
Mật khẩu • tối thiểu 10 ký tự,Mật khẩu • tối thiểu 10 ký tự,Password • at least 10 characters
Nhập lại mật khẩu,Nhập lại mật khẩu,Confirm password
Bản thử nghiệm chưa có xác minh email hoặc khôi phục mật khẩu.,Bản thử nghiệm chưa có xác minh email hoặc khôi phục mật khẩu.,Email verification and password recovery are not available in this prototype.
TÀI KHOẢN,TÀI KHOẢN,ACCOUNT
Tên người chơi: %s,Tên người chơi: %s,Player name: %s
Chưa đặt,Chưa đặt,Not set
Đang chơi bằng tài khoản thiết bị.,Đang chơi bằng tài khoản thiết bị.,Playing with a device account.
Liên kết email và mật khẩu để có thể đăng nhập tài khoản này trên thiết bị khác.,Liên kết email và mật khẩu để có thể đăng nhập tài khoản này trên thiết bị khác.,Link an email and password to sign in to this account on another device.
Liên kết email,Liên kết email,Link email
Tài khoản đã liên kết email.,Tài khoản đã liên kết email.,This account has a linked email.
Email: %s,Email: %s,Email: %s
Đổi tài khoản,Đổi tài khoản,Switch account
Thiết bị đã liên kết tài khoản. Hãy đăng nhập để đổi sang tài khoản khác.,Thiết bị đã liên kết tài khoản. Hãy đăng nhập để đổi sang tài khoản khác.,This device is linked to an account. Sign in to switch to another account.
Đóng,Đóng,Close
Đây là tài khoản chơi thử. Hãy liên kết email trước khi đổi để tránh mất quyền truy cập.,Đây là tài khoản chơi thử. Hãy liên kết email trước khi đổi để tránh mất quyền truy cập.,This is a guest account. Link an email before switching to keep access to it.
"Sau khi đăng nhập tài khoản khác, tiến trình hiện tại sẽ vẫn nằm trong tài khoản cũ.","Sau khi đăng nhập tài khoản khác, tiến trình hiện tại sẽ vẫn nằm trong tài khoản cũ.",Your current progress will stay on the old account after you switch.
Đang kết nối máy chủ…,Đang kết nối máy chủ…,Connecting to server…
Đang đăng nhập…,Đang đăng nhập…,Signing in…
Đang tạo tài khoản…,Đang tạo tài khoản…,Creating account…
Nhập email hoặc tên người chơi và mật khẩu.,Nhập email hoặc tên người chơi và mật khẩu.,Enter your email or player name and password.
Tên người chơi cần có 3–20 ký tự: chữ cái tiếng Anh số hoặc _.,Tên người chơi cần có 3–20 ký tự: chữ cái tiếng Anh số hoặc _.,Player name must contain 3–20 English letters numbers or _.
Nhập email hợp lệ để đăng ký.,Nhập email hợp lệ để đăng ký.,Enter a valid email address.
Mật khẩu cần dài ít nhất 10 ký tự và tối đa 72 byte UTF-8.,Mật khẩu cần dài ít nhất 10 ký tự và tối đa 72 byte UTF-8.,Password must be at least 10 characters and no more than 72 UTF-8 bytes.
Hai mật khẩu chưa trùng nhau.,Hai mật khẩu chưa trùng nhau.,The passwords do not match.
Không thể tạo tài khoản chơi thử.,Không thể tạo tài khoản chơi thử.,Could not create a guest account.
Không thể đăng nhập.,Không thể đăng nhập.,Could not sign in.
Đăng nhập được nhưng chưa tải được hồ sơ tài khoản.,Đăng nhập được nhưng chưa tải được hồ sơ tài khoản.,Signed in but the account profile could not be loaded.
Không thể ghi nhớ tài khoản trên thiết bị này.,Không thể ghi nhớ tài khoản trên thiết bị này.,Could not remember this account on this device.
Tài khoản đã tạo; đăng nhập để thử ghi nhớ thiết bị.,Tài khoản đã tạo; đăng nhập để thử ghi nhớ thiết bị.,Account created. Sign in to try remembering this device.
Không thể tạo tài khoản.,Không thể tạo tài khoản.,Could not create the account.
Đăng nhập được nhưng chưa tải được tài khoản.,Đăng nhập được nhưng chưa tải được tài khoản.,Signed in but the account could not be loaded.
Không kết nối được máy chủ. Hãy thử lại sau.,Không kết nối được máy chủ. Hãy thử lại sau.,Could not connect to the server. Please try again.
Email hoặc tên người chơi hoặc mật khẩu chưa đúng.,Email hoặc tên người chơi hoặc mật khẩu chưa đúng.,The email player name or password is incorrect.
Email tên người chơi hoặc thiết bị đã được liên kết. Hãy đăng nhập hoặc chọn tên khác.,Email tên người chơi hoặc thiết bị đã được liên kết. Hãy đăng nhập hoặc chọn tên khác.,The email player name or device is already linked. Sign in or choose another name.
Tài khoản chưa đăng nhập,Tài khoản chưa đăng nhập,Account is not signed in
Tài khoản,Tài khoản,Account
Chơi ngoại tuyến,Chơi ngoại tuyến,Play offline
Đang chơi ngoại tuyến. Tiến trình chưa được đồng bộ với máy chủ.,Đang chơi ngoại tuyến. Tiến trình chưa được đồng bộ với máy chủ.,Playing offline. Progress is not synced with the server.
Cộng đồng [G],Cộng đồng [G],Community [G]
"Bạn bè, trò chuyện và nhóm người chơi • G","Bạn bè, trò chuyện và nhóm người chơi • G","Friends, chat, and player groups • G"
CỘNG ĐỒNG,CỘNG ĐỒNG,COMMUNITY
Đang kiểm tra kết nối…,Đang kiểm tra kết nối…,Checking connection…
Bạn bè,Bạn bè,Friends
Trò chuyện,Trò chuyện,Chat
Tông môn / Bang phái,Tông môn / Bang phái,Sects / Guilds
Tên người chơi (3–20 ký tự),Tên người chơi (3–20 ký tự),Player name (3–20 characters)
Tìm người chơi,Tìm người chơi,Find player
Gửi lời mời,Gửi lời mời,Send invite
Thế giới,Thế giới,World
Viết tin nhắn…,Viết tin nhắn…,Write a message…
Gửi,Gửi,Send
Nhóm của tôi,Nhóm của tôi,My groups
Tìm nhóm,Tìm nhóm,Find groups
Tông môn,Tông môn,Sect
Bang phái,Bang phái,Guild
Tên nhóm cần tìm,Tên nhóm cần tìm,Group name to find
Tìm theo tên,Tìm theo tên,Search by name
Chọn một nhóm,Chọn một nhóm,Select a group
Đơn xin vào,Đơn xin vào,Join requests
Xem thành viên và trò chuyện trong nhóm của bạn.,Xem thành viên và trò chuyện trong nhóm của bạn.,View members and chat in your group.
Xin gia nhập,Xin gia nhập,Request to join
Thành viên,Thành viên,Members
Chat nhóm,Chat nhóm,Group chat
Tên nhóm mới,Tên nhóm mới,New group name
Giới thiệu ngắn,Giới thiệu ngắn,Short description
Tạo nhóm,Tạo nhóm,Create group
Bố cục cảm ứng,Bố cục cảm ứng,Touch layout
F9 đổi bố cục cảm ứng.,F9 đổi bố cục cảm ứng.,Press F9 to switch touch layout.
"C: hồ sơ • G: cộng đồng
I: túi đồ • Q/J: đánh","C: hồ sơ • G: cộng đồng
I: túi đồ • Q/J: đánh","C: profile • G: community
I: inventory • Q/J: attack"
Mở túi đồ bằng nút Túi.,Mở túi đồ bằng nút Túi.,Open inventory with the Bag button.
Kỹ năng hỗ trợ • tự kích hoạt khi đủ điều kiện.,Kỹ năng hỗ trợ • tự kích hoạt khi đủ điều kiện.,Support skill • activates when its conditions are met.
"Kỹ năng active • hồi chiêu 1,8 giây.","Kỹ năng active • hồi chiêu 1,8 giây.",Active skill • 1.8 second cooldown.
Ô trang bị áo,Ô trang bị áo,Armor slot
Chưa trang bị kỹ năng,Chưa trang bị kỹ năng,No skill equipped
Tháo kỹ năng,Tháo kỹ năng,Remove skill
Trang bị kỹ năng,Trang bị kỹ năng,Equip skill
