id,name,group,kind,realmIndex,realm,rarity,stack,effect,craftUse,source,npcSell,npcBuy,marketMin,marketMax,marketPolicy,bindPolicy,destroyOnUse,economicRole,runtimeStatus
it_heal_pill,Hồi Nguyên Hoàn,Đan dược,Hồi HP,0,Phàm Nhân,Hạ phẩm,20,Hồi 12% HP; chung CD đan 25s,,Starter/Craft/NPC,80,20,60,70,market,none,True,consumable_sink,mvp_contract
it_qi_pill,Ích Khí Tán,Đan dược,Hồi linh,1,Luyện Khí sơ (1-3),Hạ phẩm,20,Hồi 18% linh lực trong 4s; bị hit không hủy,,Craft,,20,70,90,market,none,True,consumable_sink,mvp_contract
it_pill_detox,Giải Độc Đan,Đan dược,Giải độc,1,Luyện Khí sơ (1-3),Trung phẩm,10,Xóa 1 độc thường; độc boss chỉ giảm 50% thời lượng,,Luyện đan,,,65,85,market,none,True,consumable_sink,future_design
it_pill_focus,Thanh Tâm Đan,Đan dược,Kháng CC,2,Luyện Khí trung (4-6),Trung phẩm,10,+15% kháng slow/root 20s; không chống stun,,Luyện đan,,,90,110,market,none,True,consumable_sink,future_design
it_pill_blood,Huyết Khí Đan,Đan dược,Buff ATK,2,Luyện Khí trung (4-6),Trung phẩm,10,+6% ATK 30s; -4% DEF,,Luyện đan,,,90,110,market,none,True,consumable_sink,future_design
it_pill_guard,Hộ Thể Đan,Đan dược,Buff DEF,2,Luyện Khí trung (4-6),Trung phẩm,10,+7% DEF 30s; -3% move,,Luyện đan,,,90,110,market,none,True,consumable_sink,future_design
it_pill_gather,Tụ Khí Đan,Đan dược,Tu luyện,1,Luyện Khí sơ (1-3),Trung phẩm,20,+10% tốc độ tích lũy tu vi 10 phút; ngoài PvP,,Luyện đan,,,65,85,market,none,True,consumable_sink,future_design
it_pill_breakthrough,Phá Chướng Đan,Đan dược,Đột phá,3,Luyện Khí hậu (7-9),Thượng phẩm,5,Tăng nhẹ cơ hội đột phá Luyện Khí; không đảm bảo,,Bí cảnh/Luyện đan,,,150,190,market,none,True,consumable_sink,future_design
it_pill_foundation,Trúc Cơ Đan,Đan dược,Đột phá,3,Luyện Khí hậu (7-9),Cực phẩm,3,Tăng đáng kể cơ hội Trúc Cơ; giảm hậu quả thất bại,,Boss/Bí cảnh/Luyện đan,,,180,230,market,none,True,consumable_sink,future_design
it_pill_meridian,Hộ Mạch Đan,Đan dược,Đột phá,4,Trúc Cơ sơ,Thượng phẩm,5,Giảm 35% tổn thất khi đột phá thất bại,,Luyện đan,,,215,275,market,none,True,consumable_sink,future_design
it_pill_speed,Khinh Thân Đan,Đan dược,Cơ động,3,Luyện Khí hậu (7-9),Thượng phẩm,10,+6% move 30s; không stack với đan cùng nhóm,,Luyện đan,,,150,190,market,none,True,consumable_sink,future_design
it_pill_vision,Minh Mục Đan,Đan dược,Khám phá,2,Luyện Khí trung (4-6),Trung phẩm,10,Hiện dấu vết tài nguyên hiếm trong 6 phút,,Luyện đan,,,90,110,market,none,True,consumable_sink,future_design
it_pill_fire_res,Hàn Tức Đan,Đan dược,Kháng Hỏa,3,Luyện Khí hậu (7-9),Thượng phẩm,10,-10% Hỏa damage 40s,,Luyện đan,,,150,190,market,none,True,consumable_sink,future_design
it_pill_poison,Bách Độc Hoàn,Đan dược,Độc,4,Trúc Cơ sơ,Thượng phẩm,10,Vũ khí gây +2% ATK độc/s trong 5s; 20s,,Độc tu/Luyện đan,,,215,275,market,none,True,consumable_sink,future_design
it_pill_mind,Dưỡng Thần Đan,Đan dược,Linh lực,5,Trúc Cơ trung,Cực phẩm,5,+12% max linh lực 5 phút; ngoài arena xếp hạng,,Bí cảnh/Luyện đan,,,350,450,market,none,True,consumable_sink,future_design
it_herb_cam_lo,Cam Lộ,Linh thảo,Dược thảo,0,Phàm Nhân,Hạ phẩm,99,,Hồi Nguyên Hoàn,Trúc Âm node/vườn,,10,12,18,market,none,False,craft_material,mvp_contract
it_herb_ich_khi,Ích Khí,Linh thảo,Dược thảo,1,Luyện Khí sơ (1-3),Hạ phẩm,99,,Ích Khí Tán/Tụ Khí Đan,Thạch Cạn node/vườn,,10,12,18,market,none,False,craft_material,mvp_contract
it_herb_tinh_tam,Tĩnh Tâm,Linh thảo,Dược thảo,1,Luyện Khí sơ (1-3),Hạ phẩm,99,,Ích Khí Tán/Thoát Thân Phù,Trúc Âm node/vườn,,10,12,18,market,none,False,craft_material,mvp_contract
it_herb_fireflower,Xích Dương Hoa,Linh thảo,Dược thảo,2,Luyện Khí trung (4-6),Trung phẩm,50,,Huyết Khí Đan/Hỏa dược,Hỏa Thạch Động,,,25,35,market,none,False,craft_material,future_design
it_herb_colddew,Hàn Lộ Thảo,Linh thảo,Dược thảo,2,Luyện Khí trung (4-6),Trung phẩm,50,,Hàn Tức Đan,Linh Tuyền ban đêm,,,25,35,market,none,False,craft_material,future_design
it_herb_vine,Thanh Đằng Tâm,Linh thảo,Dược thảo,2,Luyện Khí trung (4-6),Thượng phẩm,50,,Mộc/độc dược,Trúc Lâm sâu,,,30,40,market,none,False,craft_material,future_design
it_herb_earthroot,Địa Căn,Linh thảo,Dược thảo,2,Luyện Khí trung (4-6),Trung phẩm,50,,Hộ Thể Đan,Huyền Thiết Mạch,,,25,35,market,none,False,craft_material,future_design
it_herb_cloud,Vân Chi,Linh thảo,Dược thảo,3,Luyện Khí hậu (7-9),Thượng phẩm,50,,Phá Chướng Đan,Vách núi Thanh Vân,,,50,60,market,none,False,craft_material,future_design
it_herb_moon,Nguyệt Linh Hoa,Linh thảo,Dược thảo,3,Luyện Khí hậu (7-9),Thượng phẩm,50,,Dưỡng thần/giải độc,Âm Vụ Đầm,,,50,60,market,none,False,craft_material,future_design
it_herb_bone,Long Cốt Thảo,Linh thảo,Dược thảo,3,Luyện Khí hậu (7-9),Thượng phẩm,50,,Hộ Mạch Đan,Bí cảnh,,,50,60,market,none,False,craft_material,future_design
it_herb_fivecolor,Ngũ Sắc Liên,Linh thảo,Dược thảo,4,Trúc Cơ sơ,Cực phẩm,50,,Trúc Cơ Đan,Trúc Cơ Bí Cảnh,,,80,100,market,none,False,craft_material,future_design
it_herb_thunder,Lôi Tâm Thảo,Linh thảo,Dược thảo,4,Trúc Cơ sơ,Thượng phẩm,50,,Lôi dược/phù,Khu vực lôi bạo,,,65,85,market,none,False,craft_material,future_design
it_herb_soul,Dưỡng Hồn Chi,Linh thảo,Dược thảo,4,Trúc Cơ sơ,Cực phẩm,50,,Dưỡng Thần Đan,Cổ Tu Động Phủ sâu,,,80,100,market,none,False,craft_material,future_design
it_herb_poison,Hắc Vụ Cô,Linh thảo,Dược thảo,3,Luyện Khí hậu (7-9),Thượng phẩm,50,,Bách Độc Hoàn,Âm Vụ Đầm,,,50,60,market,none,False,craft_material,future_design
it_herb_spring,Trường Xuân Đằng,Linh thảo,Dược thảo,5,Trúc Cơ trung,Cực phẩm,50,,Đan hồi phục cao cấp,Bí cảnh Mộc,,,110,140,market,none,False,craft_material,future_design
it_iron,Thiết quặng,Nguyên liệu,Khoáng,0,Phàm Nhân,Hạ phẩm,99,,Thanh Thiết Kiếm/cường hóa,Thạch Cạn/node/Kẻ Rình Đường,,10,12,22,market,none,False,craft_material,mvp_contract
it_bamboo,Trúc,Nguyên liệu,Mộc liệu,0,Phàm Nhân,Hạ phẩm,99,,Cầu/Thanh Thiết Kiếm/Thoát Thân Phù,Tuyến an toàn Trúc Âm,,10,12,20,market,none,False,craft_material,mvp_contract
it_mat_blackiron,Huyền Thiết,Nguyên liệu,Khoáng,1,Luyện Khí sơ (1-3),Trung phẩm,99,,Đao/giáp,Huyền Thiết Mạch,,,25,35,market,none,False,craft_material,future_design
it_mat_copper,Xích Đồng,Nguyên liệu,Khoáng,1,Luyện Khí sơ (1-3),Trung phẩm,99,,Pháp khí/phù,Hỏa Thạch Động,,,25,35,market,none,False,craft_material,future_design
it_mat_jade,Thanh Ngọc,Nguyên liệu,Ngọc liệu,2,Luyện Khí trung (4-6),Trung phẩm,99,,Trang sức/pháp khí,Linh Tuyền,,,35,45,market,none,False,craft_material,future_design
it_mat_spiritwood,Linh Mộc,Nguyên liệu,Mộc liệu,2,Luyện Khí trung (4-6),Trung phẩm,99,,Trượng/quạt/trận kỳ,Trúc Lâm sâu,,,35,45,market,none,False,craft_material,future_design
it_mat_firestone,Hỏa Tinh Thạch,Nguyên liệu,Khoáng,2,Luyện Khí trung (4-6),Thượng phẩm,99,,Hỏa khí/Hỏa phù,Hỏa Thạch Động,,,45,55,market,none,False,craft_material,future_design
it_mat_windstone,Phong Linh Thạch,Nguyên liệu,Khoáng,2,Luyện Khí trung (4-6),Thượng phẩm,99,,Giày/pháp khí cơ động,Phong Lang Lĩnh,,,45,55,market,none,False,craft_material,future_design
it_mat_coldiron,Hàn Thiết,Nguyên liệu,Khoáng,3,Luyện Khí hậu (7-9),Thượng phẩm,99,,Vũ khí Thủy/Kim,Âm Vụ Đầm,,,60,80,market,none,False,craft_material,future_design
it_mat_earthcrystal,Địa Tinh,Nguyên liệu,Khoáng,3,Luyện Khí hậu (7-9),Thượng phẩm,99,,Giáp/thương/trận,Huyền Thiết Mạch sâu,,,60,80,market,none,False,craft_material,future_design
it_mat_cloudsilk,Vân Ti,Nguyên liệu,Tơ liệu,3,Luyện Khí hậu (7-9),Thượng phẩm,99,,Pháp bào,Thanh Vân,,,60,80,market,none,False,craft_material,future_design
it_mat_spiritjade,Linh Ngọc,Nguyên liệu,Ngọc liệu,4,Trúc Cơ sơ,Cực phẩm,99,,Pháp bảo/trang sức,Trúc Cơ Bí Cảnh,,,100,130,market,none,False,craft_material,future_design
it_mat_thunderore,Lôi Tinh,Nguyên liệu,Khoáng,4,Trúc Cơ sơ,Cực phẩm,99,,Lôi pháp khí,Khu vực lôi bạo,,,100,130,market,none,False,craft_material,future_design
it_mat_starsteel,Tinh Thần Thiết,Nguyên liệu,Khoáng,5,Trúc Cơ trung,Cực phẩm,99,,Vũ khí Trúc Cơ,Cổ Tu Động Phủ sâu,,,140,180,market,none,False,craft_material,future_design
it_mat_formationink,Trận Văn Mực,Nguyên liệu,Vật liệu trận,4,Trúc Cơ sơ,Thượng phẩm,99,,Trận kỳ/phù cao cấp,Luyện chế,,,90,110,market,none,False,craft_material,future_design
it_mon_wolffang,Phong Lang Nha,Nguyên liệu quái,Bộ phận yêu thú,1,Luyện Khí sơ (1-3),Hạ phẩm,99,,Vũ khí xuyên/đồ săn,Phong Lang,,,30,40,market,none,False,craft_material,future_design
it_boar_hide,Da Sơn Trư,Nguyên liệu quái,Da yêu thú,0,Phàm Nhân,Hạ phẩm,99,,Bán NPC; future leather craft,Sơn Trư,,30,30,50,market,none,False,faucet_material,mvp_contract
it_mon_snakegall,Huyết Xà Đảm,Nguyên liệu quái,Dược liệu yêu thú,2,Luyện Khí trung (4-6),Trung phẩm,99,,Đan huyết/độc,Huyết Xà,,,50,60,market,none,False,craft_material,future_design
it_mon_snakeskin,Huyết Xà Bì,Nguyên liệu quái,Da yêu thú,2,Luyện Khí trung (4-6),Trung phẩm,99,,Đai/giáp nhẹ,Huyết Xà,,,50,60,market,none,False,craft_material,future_design
it_mon_beetleshell,Thiết Giáp Xác,Nguyên liệu quái,Giáp xác,2,Luyện Khí trung (4-6),Trung phẩm,99,,Giáp nặng,Thiết Giáp Trùng,,,50,60,market,none,False,craft_material,future_design
